name_image_url,age_image_url,decade,gender,year,month,last_name,given_namehttp://cfaccusoft.s3.amazonaws.com/SliceImages/24_Apr_2013/full_7ffa4695-d1e8-45b3-bd5b-abaf7fb9e54d_Name2.jpg,http://cfaccusoft.s3.amazonaws.com/full/2314ac82-47a3-4d34-9d22-9b0e0ed1970e_Age47.jpg,1930,NA,2,2,Apple,Monkeyhttp://cfaccusoft.s3.amazonaws.com/SliceImages/24_Apr_2013/full_7ffa4695-d1e8-45b3-bd5b-abaf7fb9e54d_Name4.jpg,http://cfaccusoft.s3.amazonaws.com/full/bf02cb77-acf8-4b53-a320-46c4f797a168_Age17.jpg,1930,NA,2,2,Ball,Nosehttp://cfaccusoft.s3.amazonaws.com/SliceImages/24_Apr_2013/full_7ffa4695-d1e8-45b3-bd5b-abaf7fb9e54d_Name2.jpg,http://cfaccusoft.s3.amazonaws.com/full/2314ac82-47a3-4d34-9d22-9b0e0ed1970e_Age47.jpg,1930,NA,2,2,Cat,Onionhttp://cfaccusoft.s3.amazonaws.com/SliceImages/24_Apr_2013/full_7ffa4695-d1e8-45b3-bd5b-abaf7fb9e54d_Name3.jpg,http://cfaccusoft.s3.amazonaws.com/full/b143db32-7189-403d-9fe3-5acb0684a4c0_Age19.jpg,1930,NA,2,2,Dog,Parrothttp://cfaccusoft.s3.amazonaws.com/SliceImages/24_Apr_2013/full_7ffa4695-d1e8-45b3-bd5b-abaf7fb9e54d_Name4.jpg,http://cfaccusoft.s3.amazonaws.com/full/2c050ab2-b891-45ea-b2bc-6e5cfb88877f_Age46.jpg,1930,NA,2,2,Elephant,Queenhttp://cfaccusoft.s3.amazonaws.com/SliceImages/24_Apr_2013/full_7ffa4695-d1e8-45b3-bd5b-abaf7fb9e54d_Name2.jpg,http://cfaccusoft.s3.amazonaws.com/full/5c915b14-901d-451c-a9ae-abc3096710ae_Age4.jpg,1930,NA,2,2,Frog,Rathttp://cfaccusoft.s3.amazonaws.com/SliceImages/24_Apr_2013/full_7ffa4695-d1e8-45b3-bd5b-abaf7fb9e54d_Name3.jpg,http://cfaccusoft.s3.amazonaws.com/full/04229769-560c-4b2a-b592-2836c5460e18_Age39.jpg,1930,NA,2,2,Goat,Spaghettihttp://cfaccusoft.s3.amazonaws.com/SliceImages/24_Apr_2013/full_7ffa4695-d1e8-45b3-bd5b-abaf7fb9e54d_Name4.jpg,http://cfaccusoft.s3.amazonaws.com/full/c80a0b43-16e2-403f-9652-6ed5c8d8f7c0_Age26.jpg,1930,NA,2,2,Hen,Treehttp://cfaccusoft.s3.amazonaws.com/SliceImages/24_Apr_2013/full_7ffa4695-d1e8-45b3-bd5b-abaf7fb9e54d_Name2.jpg,http://cfaccusoft.s3.amazonaws.com/full/18fea0a3-a2ff-448b-ac7b-7ef80e10e6fb_Age24.jpg,1930,NA,2,2,Ink,Umbrellahttp://cfaccusoft.s3.amazonaws.com/SliceImages/24_Apr_2013/full_7ffa4695-d1e8-45b3-bd5b-abaf7fb9e54d_Name3.jpg,http://cfaccusoft.s3.amazonaws.com/full/d95a570a-402f-44c1-b71d-9bae9f899471_Age36.jpg,1930,NA,2,2,Jet,Vanhttp://cfaccusoft.s3.amazonaws.com/SliceImages/24_Apr_2013/full_7ffa4695-d1e8-45b3-bd5b-abaf7fb9e54d_Name4.jpg,http://cfaccusoft.s3.amazonaws.com/full/bf02cb77-acf8-4b53-a320-46c4f797a168_Age17.jpg,1930,NA,2,3,Kite,Waxhttp://cfaccusoft.s3.amazonaws.com/SliceImages/24_Apr_2013/full_7ffa4695-d1e8-45b3-bd5b-abaf7fb9e54d_Name2.jpg,http://cfaccusoft.s3.amazonaws.com/full/24bee917-b153-40db-a014-08826498c279_Age35.jpg,1930,NA,2,3,Lamb,Xylophone